parameter sync wildtype,per wildtype,amp wildtype,per wildtype/wt,amp wildtype/wt,sync her7 mutant,per her7 mutant,amp her7 mutant,per her7 mutant/wt,amp her7 mutant/wt,sync her13 mutant,per her13 mutant,amp her13 mutant,per her13 mutant/wt,amp her13 mutant/wt,sync delta mutant,per delta mutant,amp delta mutant,per delta mutant/wt,amp delta mutant/wt,sync her7,per her7,amp her7,per her7,amp her7,sync her1 mutant,per her1 mutant,amp her1 mutant,per her1 mutant/wt,amp her1 mutant/wt,sync delta,per delta,amp delta,per delta,amp delta,sync her7,per her7,amp her7,per her7,amp her7,sync her1,per her1,amp her1,per her1,amp her1,sync her7,per her7,amp her7,per her7,amp her7,sync her1,per her1,amp her1,per her1,amp her1,
0,0.0676913,2.27448,2.17094,2.27273,2.27273,2.27272,-1.00717,4.42538e-06,1.11945e-305,4.66074e-06,2.27285,2.27075,2.15771,2.26895,2.25859,2.24566,2.27437,2.20419,2.27263,2.30799,2.27284,2.27039,2.15875,2.2686,2.25968,2.27275,2.27403,2.16695,2.27228,2.26853,2.27273,-1,2.33417e-06,3.65715e-306,2.46287e-06,2.36133,2.28001,0.0464056,2.2782,0.0487146,2.25263,2.274,2.18252,2.27225,2.28516,2.27273,0,2.27273,0,2.37873,2.27269,8.49978e-305,1.46804,8.49692e-305,1.34359e-05,
1,0.0676932,2.27179,2.27303,2.27273,2.27273,2.27272,-1,1.67129e-06,1.1128e-305,1.68113e-06,2.27271,2.27368,2.27494,2.27458,2.27436,2.31131,2.27183,2.19437,2.27278,2.19452,2.27271,2.27405,2.27482,2.27497,2.27424,2.2728,2.27173,2.2773,2.27267,2.27698,2.2729,-1.00106,5.38032e-06,3.66538e-306,5.42204e-06,2.26075,2.27366,1.99067,2.27456,1.99587,2.29759,2.27182,2.22804,2.27276,2.22805,2.27269,0,2.27273,0,2.2719,2.27274,8.6928e-305,0.568149,8.70019e-305,4.54542,
2,4.68777,2.27295,2.25981,2.27273,2.27273,2.27273,-1,1.91229e-06,1.11223e-305,1.93478e-06,2.2727,2.27368,2.27481,2.27343,2.28754,2.33012,2.27219,2.18578,2.27198,2.1987,2.27271,2.27405,2.27482,2.2738,2.28753,2.27276,2.27326,2.26826,2.27305,2.28121,2.27266,-0.999696,2.83647e-06,3.6585e-306,2.87517e-06,2.27084,2.27225,5.17541,2.272,5.21926,2.3094,2.27255,2.22846,2.27233,2.2415,2.2727,0,2.27273,0,2.28517,2.27276,7.77607e-305,0.63577,7.77871e-305,5.58992e-06,
3,0.0676918,2.27525,2.27185,2.27273,2.27273,2.27273,-1.50759,2.56049e-06,1.67509e-305,2.57688e-06,2.27265,2.27587,2.27255,2.27332,2.27315,2.25207,2.27401,2.3032,2.27149,2.30454,2.27266,2.27515,2.27247,2.27259,2.27305,2.27275,2.27556,2.27085,2.27303,2.27169,2.2727,-2.73497e+306,7.14285,inf,7.20195,2.26075,2.27366,1.99067,2.27111,1.9969,2.25263,2.274,2.29739,2.27148,2.29859,2.27275,0,2.27273,0,2.27307,2.27273,7.58972e-305,0.887914,7.58461e-305,4.54541,
4,4.68777,2.27371,2.37642,2.27273,2.27273,2.27266,-1.49208,1.21613e-06,1.65898e-305,1.17007e-06,2.27281,2.28758,2.36715,2.28655,2.26359,2.2639,2.27328,2.38548,2.2723,2.28185,2.27277,2.28724,2.36609,2.28622,2.26258,2.27277,2.27403,2.37871,2.27303,2.2749,2.27268,-inf,7.14285,inf,6.88507,2.30865,2.28705,7.92404,2.28603,7.59911,2.25761,2.274,2.39426,2.27302,2.29011,2.27272,0,2.27273,0,2.17306,2.27257,1.01391e-304,24.0443,1.01391e-304,0.000201033,
5,0.0676853,2.28564,2.24124,2.27273,2.27273,2.27272,-1,1.67129e-06,1.10606e-305,1.70498e-06,2.2727,2.27368,2.27472,2.2608,2.3064,2.29141,2.29073,2.27163,2.2778,2.30401,2.27271,2.27405,2.27482,2.26118,2.3065,2.27249,2.28553,2.24106,2.27262,2.27253,2.27255,-1.50875,1.5987e-06,5.49082e-306,1.63396e-06,2.26075,2.27366,1.99067,2.26078,2.02418,2.29488,2.2903,2.2604,2.27737,2.29247,2.27276,0,2.27273,0,2.30412,2.27273,9.79644e-305,0.13531,9.74536e-305,4.54542,
6,4.68777,2.27525,2.30167,2.27273,2.27273,2.27282,0,18.1818,0,18.0612,2.2727,2.27368,2.27481,2.27112,2.24593,2.17911,2.27582,2.41027,2.27331,2.38043,2.27271,2.27405,2.27482,2.2715,2.24594,2.27274,2.27479,2.29296,2.27226,2.2641,2.27279,-1.49795,1.56673e-06,5.47637e-306,1.55924e-06,2.33528,2.27648,0.368228,2.27392,0.364597,2.20118,2.27508,2.36151,2.27257,2.33214,2.27275,0,2.27273,0,2.24362,2.2727,9.75917e-305,0.253322,9.75259e-305,2.18679e-06,
7,0.0676937,2.27641,2.2906,2.27273,2.27273,2.27275,-1.00233,3.09669e-06,1.11313e-305,3.09101e-06,2.2728,2.27587,2.27801,2.27215,2.25996,2.25207,2.27401,2.3032,2.27033,2.28567,2.27279,2.27552,2.27814,2.27181,2.26008,2.27282,2.27633,2.29103,2.27264,2.27314,2.27276,-inf,7.14285,inf,7.14301,2.26075,2.27366,1.99067,2.26996,1.98056,2.25263,2.274,2.29739,2.27032,2.27977,2.2727,0,2.27273,0,2.25447,2.27275,9.82425e-305,0.147636,9.81264e-305,4.54542,
8,4.68777,2.27448,2.2852,2.27273,2.27273,2.27272,-1.00717,4.65829e-06,1.11945e-305,4.66074e-06,2.27285,2.27075,2.27127,2.26895,2.25859,2.24566,2.27437,2.3202,2.27263,2.30799,2.27284,2.27039,2.27237,2.2686,2.25968,2.27275,2.27403,2.281,2.27228,2.26853,2.27273,-1,2.45701e-06,3.65715e-306,2.46287e-06,2.36133,2.28001,0.048848,2.2782,0.0487146,2.25263,2.274,2.29739,2.27225,2.28516,2.27273,0,2.27273,0,2.2598,2.27269,8.49978e-305,1.5453,8.49692e-305,1.34359e-05,
9,0.0676932,2.27179,2.27303,2.27273,2.27273,2.27272,-1,1.67129e-06,1.1128e-305,1.68113e-06,2.27271,2.27368,2.27494,2.27458,2.27436,2.31131,2.27183,2.19437,2.27278,2.19452,2.27271,2.27405,2.27482,2.27497,2.27424,2.2728,2.27173,2.2773,2.27267,2.27698,2.2729,-1.00106,5.38032e-06,3.66538e-306,5.42204e-06,2.26075,2.27366,1.99067,2.27456,1.99587,2.29759,2.27182,2.22804,2.27276,2.22805,2.27269,0,2.27273,0,2.2719,2.27274,8.6928e-305,0.568149,8.70019e-305,4.54542,
10,4.68777,2.27295,2.25981,2.27273,2.27273,2.27273,-1,1.91229e-06,1.11223e-305,1.93478e-06,2.2727,2.27368,2.27481,2.27343,2.28754,2.33012,2.27219,2.18578,2.27198,2.1987,2.27271,2.27405,2.27482,2.2738,2.28753,2.27276,2.27326,2.26826,2.27305,2.28121,2.27266,-0.999696,2.83647e-06,3.6585e-306,2.87517e-06,2.27084,2.27225,5.17541,2.272,5.21926,2.3094,2.27255,2.22846,2.27233,2.2415,2.2727,0,2.27273,0,2.28517,2.27276,7.77607e-305,0.63577,7.77871e-305,5.58992e-06,
11,0.0676918,2.27525,2.27185,2.27273,2.27273,2.27273,-1.50759,2.56049e-06,1.67509e-305,2.57688e-06,2.27265,2.27587,2.27255,2.27332,2.27315,2.25207,2.27401,2.3032,2.27149,2.30454,2.27266,2.27515,2.27247,2.27259,2.27305,2.27275,2.27556,2.27085,2.27303,2.27169,2.2727,-2.73497e+306,7.14285,inf,7.20195,2.26075,2.27366,1.99067,2.27111,1.9969,2.25263,2.274,2.29739,2.27148,2.29859,2.27275,0,2.27273,0,2.27307,2.27273,7.58972e-305,0.887914,7.58461e-305,4.54541,
12,4.68777,2.2741,2.28158,2.27273,2.27273,2.27272,-1.00033,4.98876e-06,1.11203e-305,4.99931e-06,2.2727,2.27368,2.274,2.27226,2.26489,2.25204,2.27401,2.30313,2.27265,2.29465,2.2727,2.27405,2.27397,2.27265,2.26486,2.27275,2.27403,2.281,2.27267,2.27213,2.27273,0,14.2857,0,14.3425,2.26012,2.27366,2.01096,2.27225,2.00866,2.25263,2.274,2.29739,2.27263,2.28879,2.27273,0,2.27273,0,2.26338,2.27274,9.79866e-305,0.12922,9.79702e-305,1.12531e-06,
13,0.0676918,2.27371,2.28102,2.27273,2.27273,2.27272,-1,1.67129e-06,1.11186e-305,1.67524e-06,2.2727,2.27441,2.27483,2.27339,2.26629,2.25348,2.27437,2.30126,2.2734,2.29334,2.27271,2.27405,2.27482,2.27304,2.26627,2.27275,2.27403,2.28044,2.27303,2.27213,2.27273,-inf,7.14285,inf,7.173,2.26075,2.27366,1.99067,2.27265,1.98888,2.25414,2.274,2.29562,2.27302,2.28758,2.27273,0,2.27273,0,2.26393,2.27274,9.79866e-305,0.130029,9.79867e-305,4.54542,
14,4.68777,2.27448,2.28194,2.27273,2.27273,2.27272,-1.49808,4.75256e-06,1.66509e-305,4.76186e-06,2.2727,2.27368,2.27481,2.27189,2.26536,2.25077,2.27401,2.30516,2.27226,2.29631,2.27271,2.27405,2.27482,2.27226,2.26536,2.27275,2.27364,2.28122,2.27189,2.272,2.27273,-1,2.24764e-06,3.65715e-306,2.25622e-06,2.26183,2.27402,1.95015,2.27223,1.94761,2.25161,2.274,2.29861,2.27225,2.28964,2.27273,0,2.27273,0,2.26303,2.27274,9.79755e-305,0.131263,9.79426e-305,1.14291e-06,
15,0.0676937,2.27718,2.28566,2.27273,2.27273,2.27276,0,18.1818,0,18.1877,2.27287,2.2766,2.27719,2.27213,2.26403,2.25207,2.27401,2.3032,2.26958,2.29062,2.27286,2.27625,2.27738,2.27176,2.26421,2.27282,2.27709,2.2867,2.27264,2.27375,2.27275,-1.00152,1.32494e-06,3.6584e-306,1.32783e-06,2.26075,2.27366,1.99067,2.26919,1.98485,2.25263,2.274,2.29739,2.26955,2.2847,2.2727,0,2.27273,0,2.25934,2.27275,9.83371e-305,0.144493,9.81876e-305,4.54542,
16,4.68777,2.27448,2.28064,2.27273,2.27273,2.27276,-1.00167,3.57087e-06,1.11334e-305,3.57991e-06,2.2727,2.27441,2.2749,2.27263,2.26673,2.25383,2.27364,2.30141,2.2719,2.29389,2.27271,2.27405,2.27502,2.27226,2.26685,2.27275,2.27403,2.281,2.27228,2.27307,2.27272,-1,2.15921e-06,3.65715e-306,2.16869e-06,2.31919,2.27613,0.645245,2.27433,0.644776,2.25263,2.274,2.29739,2.27225,2.28974,2.27273,0,2.27273,0,2.26431,2.27272,9.77474e-305,0.193863,9.77144e-305,1.68895e-06,
17,0.0676918,2.27448,2.2833,2.27273,2.27273,2.27272,-1,1.67129e-06,1.11148e-305,1.67357e-06,2.27272,2.27441,2.275,2.27263,2.26419,2.24577,2.27437,2.31218,2.27263,2.30194,2.27271,2.27405,2.27482,2.27226,2.26401,2.27275,2.27403,2.281,2.27228,2.27042,2.27274,-1,1.01103e-06,3.65715e-306,1.01429e-06,2.26075,2.27366,1.99067,2.27188,1.98689,2.25263,2.274,2.29739,2.27225,2.28707,2.27273,0,2.27273,0,2.26168,2.27274,8.68835e-305,0.563918,8.68542e-305,4.54542,
18,4.68777,2.27371,2.28197,2.27273,2.27273,2.27263,-1,2.88283e-06,1.11186e-305,2.88842e-06,2.2727,2.27368,2.27481,2.27265,2.26532,2.25562,2.27364,2.29788,2.27267,2.28903,2.27271,2.27405,2.27482,2.27304,2.26533,2.27275,2.27403,2.281,2.27303,2.27174,2.27276,-1.49688,3.37775e-06,5.47617e-306,3.3906e-06,2.28288,2.2719,6.52047,2.27088,6.51189,2.25263,2.274,2.29739,2.27302,2.28839,2.27272,0,2.27273,0,2.26298,2.27277,7.83559e-305,0.594222,7.8356e-305,5.17387e-06,
19,0.0676915,2.27525,2.29632,2.27273,2.27273,2.27272,-1,1.67129e-06,1.1111e-305,1.66408e-06,2.2727,2.27404,2.2747,2.27148,2.25106,2.1942,2.2751,2.38932,2.27258,2.36525,2.27271,2.27405,2.27482,2.2715,2.25117,2.27274,2.27479,2.29211,2.27226,2.26853,2.27279,-1.49627,6.08545e-06,5.47025e-306,6.07043e-06,2.26075,2.27366,1.99067,2.27111,1.97562,2.20228,2.27544,2.35927,2.27293,2.33535,2.27275,0,2.27273,0,2.24885,2.27274,9.79811e-305,0.13034,9.7915e-305,4.54542,
20,4.68777,2.27218,2.24721,2.27273,2.27273,2.27272,-1,1.67129e-06,1.1126e-305,1.70044e-06,2.2727,2.27368,2.27481,2.27419,2.30036,2.38738,2.27146,2.10093,2.27202,2.12521,2.27271,2.27405,2.27482,2.27458,2.30037,2.27276,2.27249,2.25657,2.27305,2.28218,2.27258,-1.00046,2.31534e-06,3.66255e-306,2.3601e-06,2.26075,2.27366,1.99067,2.27419,2.0188,2.36444,2.27146,2.16088,2.27201,2.18572,2.27269,0,2.27273,0,2.29799,2.27274,8.68724e-305,0.577368,8.69312e-305,5.10489e-06,
21,0.0676915,2.27525,2.29707,2.27273,2.27273,2.27277,-0.992163,2.29594e-06,1.1024e-305,2.28527e-06,2.2727,2.27368,2.27481,2.27112,2.25042,2.19037,2.27546,2.39518,2.27295,2.37027,2.27271,2.27405,2.27482,2.2715,2.25043,2.27274,2.27479,2.29211,2.27226,2.26779,2.27278,-0.999544,1.35018e-06,3.65426e-306,1.3464e-06,2.31832,2.27578,0.660494,2.27321,0.655289,2.20338,2.27544,2.35833,2.27293,2.33365,2.27275,0,2.27273,0,2.24811,2.27272,9.77419e-305,0.194182,9.76759e-305,4.54542,
22,4.68777,2.27371,2.28202,2.27273,2.27273,2.2727,-inf,9.0909,inf,9.10837,2.27271,2.27368,2.27487,2.27265,2.26532,2.25153,2.27401,2.304,2.27303,2.29508,2.2727,2.27368,2.2749,2.27267,2.26536,2.27275,2.27403,2.281,2.27303,2.27169,2.27274,-1,9.88241e-07,3.6584e-306,9.91974e-07,2.24708,2.27754,2.78098,2.27652,2.77728,2.25263,2.274,2.29739,2.27302,2.28835,2.27273,0,2.27273,0,2.26294,2.27274,9.81313e-305,0.108781,9.81314e-305,9.47133e-07,
23,0.0676919,2.27371,2.28111,2.27273,2.27273,2.27272,-1,1.67129e-06,1.11186e-305,1.67517e-06,2.2727,2.27441,2.27481,2.27339,2.26617,2.25445,2.27364,2.29971,2.27267,2.29171,2.27271,2.27405,2.27482,2.27304,2.26617,2.27275,2.27403,2.281,2.27303,2.27259,2.27273,-1,9.58285e-07,3.6584e-306,9.62293e-07,2.26075,2.27366,1.99067,2.27265,1.9888,2.25263,2.274,2.29739,2.27302,2.28926,2.27273,0,2.27273,0,2.26384,2.27274,9.79866e-305,0.129577,9.79867e-305,4.54542,
24,4.68777,2.27371,2.28139,2.27273,2.27273,2.27279,-inf,9.0909,inf,9.1109,2.2727,2.27368,2.27481,2.27265,2.2659,2.25132,2.27401,2.30418,2.27303,2.29589,2.27271,2.27405,2.27482,2.27304,2.2659,2.27275,2.27403,2.281,2.27303,2.27233,2.27272,-0.998935,3.21538e-06,3.65449e-306,3.22844e-06,2.2922,2.27049,1.16835,2.26948,1.16711,2.25263,2.274,2.29739,2.27302,2.28898,2.27273,0,2.27273,0,2.26357,2.27273,7.49961e-305,1.2054,7.49963e-305,1.04981e-05,
25,0.0676922,2.27295,2.27746,2.27273,2.27273,2.27272,-1,1.67129e-06,1.11223e-305,1.67786e-06,2.2727,2.27441,2.27488,2.27417,2.26988,2.27516,2.27255,2.2696,2.27235,2.26533,2.27271,2.27405,2.27482,2.2738,2.26982,2.27276,2.27288,2.27802,2.27267,2.27327,2.27269,-0.999239,1.9759e-06,3.65686e-306,1.98735e-06,2.26075,2.27366,1.99067,2.27342,1.99199,2.27301,2.27255,2.27316,2.27233,2.26876,2.27272,0,2.27273,0,2.26748,2.27274,9.79866e-305,0.129826,9.80199e-305,4.54542,
26,4.68777,2.27602,2.2927,2.27273,2.27273,2.27272,-1,1.67129e-06,1.11073e-305,1.66671e-06,2.2727,2.27368,2.27481,2.27036,2.25472,2.20173,2.27619,2.37667,2.27291,2.35644,2.27271,2.27405,2.27482,2.27072,2.25472,2.27273,2.27556,2.28856,2.27226,2.2686,2.27278,-inf,7.14285,inf,7.13647,2.26075,2.27366,1.99067,2.27034,1.97875,2.21223,2.27617,2.34726,2.27289,2.32713,2.27274,0,2.27273,0,2.25239,2.27274,8.68947e-305,0.563659,8.68065e-305,4.8848e-06,
27,0.067692,2.27295,2.27442,2.27273,2.27273,2.27268,-1.48758,2.03996e-06,1.65454e-305,2.05071e-06,2.2727,2.27368,2.27481,2.27343,2.27284,2.28067,2.27292,2.2609,2.27271,2.25966,2.27271,2.27405,2.27482,2.2738,2.27284,2.27275,2.27364,2.27599,2.27341,2.27428,2.2727,-1.00046,8.40908e-07,3.6613e-306,8.46907e-07,2.24538,2.27261,2.80963,2.27235,2.81525,2.27484,2.27327,2.26977,2.27306,2.26838,2.27272,0,2.27273,0,2.2705,2.27274,9.80979e-305,0.109246,9.81314e-305,4.54542,
28,4.68777,2.27371,2.28199,2.27273,2.27273,2.2727,-1.0015,1.86383e-06,1.11352e-305,1.86744e-06,2.27276,2.28831,2.25625,2.28729,2.2468,2.25103,2.27401,2.30382,2.27303,2.29492,2.27275,2.28834,2.2548,2.28731,2.24536,2.27275,2.27403,2.281,2.27303,2.27171,2.27274,-1,9.87272e-07,3.6584e-306,9.91014e-07,2.24719,2.28001,3.53294,2.27898,3.52825,2.25263,2.274,2.29739,2.27302,2.28837,2.27272,0,2.27273,0,2.26297,2.27275,7.74937e-305,0.72872,7.74937e-305,6.34488e-06,
29,0.0676918,2.27448,2.28059,2.27273,2.27273,2.27272,-1,1.67129e-06,1.11148e-305,1.67556e-06,2.2727,2.27441,2.27391,2.27263,2.26579,2.25266,2.27437,2.30237,2.27263,2.29489,2.27271,2.27405,2.27482,2.27226,2.2667,2.27275,2.27403,2.281,2.27228,2.27312,2.27274,-inf,7.14285,inf,7.17438,2.26075,2.27366,1.99067,2.27188,1.98926,2.25263,2.274,2.29739,2.27225,2.28979,2.27273,0,2.27273,0,2.26437,2.27274,9.79866e-305,0.1302,9.79538e-305,4.54542,
30,4.68777,2.27448,2.28201,2.27273,2.27273,2.27264,-1.48908,2.1602e-06,1.65508e-305,2.16435e-06,2.2727,2.27368,2.27481,2.27189,2.26529,2.25194,2.27401,2.30353,2.27226,2.29462,2.27271,2.27405,2.27482,2.27226,2.26529,2.27275,2.27403,2.281,2.27228,2.27171,2.27274,-0.998935,4.56317e-06,3.65327e-306,4.58046e-06,2.24849,2.27965,2.47437,2.27785,2.47107,2.25263,2.274,2.29739,2.27225,2.28836,2.27273,0,2.27273,0,2.26295,2.27275,8.75455e-305,0.465615,8.75159e-305,4.05403e-06,
31,0.0676913,2.27602,2.27505,2.27273,2.27273,2.27272,-1,1.67129e-06,1.11073e-305,1.67964e-06,2.27271,2.27368,2.275,2.27036,2.27241,2.2512,2.27582,2.30408,2.27254,2.30219,2.27271,2.27405,2.27482,2.27072,2.27222,2.27273,2.27556,2.27506,2.27226,2.27272,2.2728,-1.00106,3.3189e-06,3.65857e-306,3.34166e-06,2.26075,2.27366,1.99067,2.27034,1.99409,2.25217,2.27544,2.29684,2.27216,2.29482,2.27274,0,2.27273,0,2.26987,2.27274,8.68446e-305,0.582657,8.67566e-305,4.54542,
32,4.68778,2.28564,2.17097,2.27273,2.27273,2.27272,-1,1.67129e-06,1.10606e-305,1.76017e-06,2.2727,2.27368,2.27481,2.2608,2.38114,2.55919,2.28927,1.88945,2.27634,1.97841,2.27271,2.27405,2.27482,2.26118,2.38115,2.27236,2.28553,2.17246,2.27262,2.27428,2.2727,-1.00837,2.74493e-06,3.66976e-306,2.89626e-06,2.26075,2.27366,1.99067,2.26078,2.0897,2.55144,2.28957,1.9478,2.27666,2.03937,2.27276,0,2.27273,0,2.3787,2.27273,9.79922e-305,0.133345,9.74812e-305,1.2204e-06,
33,0.0676917,2.27448,2.28933,2.27273,2.27273,2.27277,-1.0065,1.70445e-06,1.11871e-305,1.70227e-06,2.2727,2.27368,2.27481,2.27189,2.25805,2.22231,2.27437,2.34668,2.27263,2.33013,2.27271,2.27405,2.27482,2.27226,2.25805,2.27274,2.27441,2.2861,2.27264,2.2695,2.27276,-inf,7.14285,inf,7.14698,2.2899,2.27543,1.23464,2.27362,1.22905,2.23032,2.27436,2.32515,2.27261,2.3086,2.27273,0,2.27273,0,2.25572,2.27273,9.7881e-305,0.154656,9.78479e-305,4.54542,
34,4.68777,2.27448,2.27933,2.27273,2.27273,2.27293,0,18.1818,0,18.2382,2.27332,2.21879,2.26925,2.21704,2.26239,2.20707,2.27473,2.30214,2.27299,2.29593,2.27328,2.21984,2.2704,2.2181,2.26355,2.27281,2.27403,2.281,2.27228,2.27437,2.27262,-1.00183,1.66913e-06,3.66383e-306,1.67741e-06,2.29822,2.19405,0.938679,2.19231,0.938531,2.21037,2.274,2.29739,2.27225,2.29105,2.27272,0,2.27273,0,2.26561,2.27258,8.63718e-305,0.573962,8.63425e-305,5.00327e-06,
35,0.0676986,2.22564,2.25468,2.27273,2.27273,2.27272,-1,1.67129e-06,1.13587e-305,1.69482e-06,2.27272,2.27587,2.27668,2.32398,2.29462,2.75837,2.19114,1.59456,2.23751,1.60765,2.27271,2.27405,2.27482,2.32213,2.29274,2.27301,2.22647,2.25428,2.27357,2.27231,2.27303,-0.969877,1.2943e-06,3.62484e-306,1.31496e-06,2.26075,2.27366,1.99067,2.32173,2.01212,2.74818,2.1914,1.72832,2.23776,1.74239,2.27272,0,2.27273,0,2.29039,2.27273,9.78198e-305,0.128223,9.99329e-305,4.54542,
36,-nan,-nan,-nan,-nan,-nan,-nan,-nan,-nan,-nan,-nan,-nan,-nan,-nan,-nan,-nan,-nan,-nan,-nan,-nan,-nan,-nan,-nan,-nan,-nan,-nan,-nan,-nan,-nan,-nan,-nan,-nan,-nan,-nan,-nan,-nan,-nan,-nan,-nan,-nan,-nan,-nan,-nan,-nan,-nan,-nan,-nan,0,-nan,0,-nan,-nan,-nan,-nan,-nan,-nan,
37,0.0676834,2.25718,2.20375,2.27273,2.27273,2.27273,-0.991662,3.61622e-06,1.11066e-305,3.75185e-06,2.27247,2.26087,2.25453,2.27641,2.32481,2.25207,2.27401,2.3032,2.28968,2.37576,2.2725,2.26086,2.25495,2.27642,2.32525,2.27241,2.25792,2.20891,2.27348,2.27803,2.27273,-1,7.66635e-06,3.68519e-306,7.96867e-06,2.26075,2.27366,1.99067,2.2893,2.05861,2.25263,2.274,2.29739,2.28968,2.36963,2.27274,0,2.27273,0,2.34332,2.27271,9.66905e-305,0.126066,9.7399e-305,4.54542,
38,4.68777,2.27371,2.28149,2.27273,2.27273,2.27274,-0.988994,1.04832e-06,1.09962e-305,1.05058e-06,2.2727,2.27221,2.27469,2.2712,2.26568,2.24987,2.27401,2.30309,2.27303,2.29471,2.27271,2.27185,2.27474,2.27083,2.26573,2.27275,2.27403,2.281,2.27303,2.27222,2.27273,-1.5019,2.23156e-06,5.49453e-306,2.24051e-06,2.2615,2.27049,1.92884,2.26948,1.9267,2.25263,2.274,2.29739,2.27302,2.28888,2.27273,0,2.27273,0,2.26347,2.27273,9.79588e-305,0.129686,9.79591e-305,1.12941e-06,
39,0.067692,2.27141,2.28004,2.27273,2.27273,2.27272,-1,1.67129e-06,1.11299e-305,1.67597e-06,2.27269,2.27441,2.27491,2.2757,2.26733,2.27823,2.26928,2.26849,2.27061,2.26166,2.27271,2.27405,2.27482,2.27533,2.26725,2.27275,2.27134,2.27947,2.27267,2.27215,2.27264,-0.998935,2.16164e-06,3.65821e-306,2.17171e-06,2.26075,2.27366,1.99067,2.27496,1.98974,2.28348,2.26965,2.26943,2.27099,2.26246,2.27273,0,2.27273,0,2.26491,2.27274,8.68446e-305,0.582864,8.69328e-305,4.54542,
40,4.68777,2.27371,2.28159,2.27273,2.27273,2.27268,0,18.1818,0,18.2202,2.2727,2.27368,2.27481,2.27265,2.26569,2.25415,2.27364,2.3032,2.27267,2.29471,2.27271,2.27405,2.27482,2.27304,2.26569,2.27276,2.27403,2.281,2.27303,2.27211,2.27271,0,14.2857,0,14.3424,2.26056,2.27366,1.99036,2.27265,1.98807,2.24807,2.27363,2.29739,2.27266,2.28878,2.27273,0,2.27273,0,2.26337,2.27274,9.79866e-305,0.129979,9.79867e-305,1.13192e-06,
41,0.0676805,2.25295,2.18338,2.27273,2.27273,2.2727,-0.990162,1.1389e-06,1.11107e-305,1.19264e-06,2.2728,2.25794,2.24906,2.27773,2.3408,2.25207,2.27401,2.3032,2.29397,2.39792,2.27282,2.25757,2.24959,2.27737,2.34136,2.27225,2.25332,2.19006,2.2731,2.27965,2.27251,-1.0003,9.07825e-07,3.69325e-306,9.52423e-07,2.26075,2.27366,1.99067,2.29359,2.07781,2.25263,2.274,2.29739,2.29398,2.39173,2.27272,0,2.27273,0,2.36518,2.27273,9.63345e-305,0.126555,9.72227e-305,4.54542,
42,4.68777,2.27371,2.28242,2.27273,2.27273,2.27269,-0.999333,3.00651e-06,1.11111e-305,3.01176e-06,2.27255,2.2777,2.27751,2.27667,2.26755,2.24747,2.27401,2.30463,2.27303,2.2953,2.27257,2.27771,2.2767,2.2767,2.26675,2.27275,2.27403,2.281,2.27303,2.2713,2.27274,-0.998783,3.35344e-06,3.65393e-306,3.36554e-06,2.26161,2.27225,4.8302,2.27123,4.82289,2.25263,2.274,2.29739,2.27302,2.28794,2.27272,0,2.27273,0,2.26254,2.27275,100,58.9078,100,0.000512808,
43,0.0676899,2.27756,2.30128,2.27273,2.27273,2.27272,-1,1.67129e-06,1.10997e-305,1.66049e-06,2.2727,2.27368,2.27481,2.26882,2.24632,2.14511,2.27728,2.47796,2.27245,2.44771,2.27271,2.27405,2.27482,2.26919,2.24632,2.27269,2.27748,2.29265,2.27264,2.26419,2.27261,-2.73497e+306,7.14285,inf,7.10988,2.26075,2.27366,1.99067,2.2688,1.97137,2.16708,2.27762,2.41537,2.27278,2.38572,2.27278,0,2.27273,0,2.24401,2.27274,9.79477e-305,0.135347,9.77825e-305,4.54542,
44,4.68777,2.27295,2.29085,2.27273,2.27273,2.27271,-2.99766e+306,9.0909,inf,9.07328,2.27276,2.27294,2.27699,2.27269,2.25869,2.25207,2.27401,2.3032,2.27379,2.28543,2.27275,2.27259,2.27709,2.27235,2.2588,2.27275,2.27288,2.29074,2.27267,2.27259,2.27276,-2.73497e+306,7.14285,inf,7.14225,2.26075,2.27366,1.99067,2.27342,1.98034,2.25263,2.274,2.29739,2.27379,2.27953,2.2727,0,2.27273,0,2.25422,2.27274,9.7931e-305,0.151345,9.79643e-305,1.31265e-06,
